{"cameraMode":{"drawMode":0,"name":"Shaded","section":"Shading Mode"},"sceneLighting":true,"audioPlay":false,"sceneViewState":{"showFog":true,"showMaterialUpdate":true,"showSkybox":true,"showFlares":true,"showImageEffects":true,"showParticleSystems":true},"in2DMode":false,"pivot":{"x":-1.7405306100845338,"y":23.961334228515626,"z":-60.68189239501953},"rotation":{"x":-0.1828380972146988,"y":-0.05924678593873978,"z":0.011041303165256977,"w":-0.9813054800033569},"size":-4.209480285644531,"orthographic":false}