{"cameraMode":{"drawMode":0,"name":"Shaded","section":"Shading Mode"},"sceneLighting":true,"audioPlay":false,"sceneViewState":{"showFog":true,"showMaterialUpdate":true,"showSkybox":true,"showFlares":true,"showImageEffects":true,"showParticleSystems":true},"in2DMode":false,"pivot":{"x":5.395419597625732,"y":-2.629432201385498,"z":9.138386726379395},"rotation":{"x":-0.3222680687904358,"y":-0.021582871675491334,"z":0.007352760992944241,"w":-0.9463855028152466},"size":60.851318359375,"orthographic":false}