{"cameraMode":{"drawMode":0,"name":"Shaded","section":"Shading Mode"},"sceneLighting":true,"audioPlay":false,"sceneViewState":{"showFog":true,"showMaterialUpdate":true,"showSkybox":true,"showFlares":true,"showImageEffects":true,"showParticleSystems":true},"in2DMode":false,"pivot":{"x":2.361177682876587,"y":1.5693320035934449,"z":7.201030731201172},"rotation":{"x":-0.041693396866321567,"y":0.014683975838124752,"z":-0.0006134694558568299,"w":-0.9990316033363342},"size":97.66539764404297,"orthographic":false}